{
    "custom_text": "cpu: {cpu} ram: {mem}",
    "interval": 1.0,
    "on_startup": false,
    "sensors": {
        "cpu\\d*": ["Average CPU usage", true],
        "nvgpu": ["Nvidia GPU utilization", true],
        "mem": ["Physical memory in use.", true],
        "net": ["Network activity.", true],
        "netcomp": ["Network activity in Compact form.", true],
        "totalnet": ["Total Network activity.", true],
        "bat\\d*": ["Battery capacity.", true],
        "fs//.+": ["Available space in file system.", true],
        "swap": ["Average swap usage", true],
        "upordown": ["Display if your internet connection is up or down", true],
        "publicip": ["Display your public IP address", true],
        "cputemp": ["CPU temperature", true],
        "nvgputemp": ["Nvidia GPU Temperature", true]
    }
}